email,PHB1,PHB2,PHB3,PHB4,PHB5,PHB6,PHB7,PHB8,PHB9,PHB10,PHB11,PHB12,PHS1,PHS2,PHS3,PHS4,AA1,AA2
mauloahawaii@gmail.com,1,1,1,2,1,1,1,2,1,1,1,1,1,1,2,3,2,1
tzy216@gmail.com,1,1,1,1,1,1,1,1,1,1,1,1,1,1,1,1,1,1
aitainon350331@gmail.com,1,2,1,1,1,1,1,1,1,1,1,1,1,2,2,2,2,1
lirino77yukiha@gmail.com,1,1,1,1,1,1,1,1,1,1,1,1,1,1,1,1,2,1
hulk0508.work@gmail.com,1,1,1,1,1,1,1,2,2,1,1,1,1,1,1,1,2,1
mom100725@gmail.com,3,2,1,3,1,2,2,2,3,3,2,1,3,3,3,3,3,1
iaido291@gmail.com,1,1,1,3,1,1,1,2,2,1,1,1,2,1,1,1,1,1
akira.kido.1811@gmail.com,2,1,1,1,1,1,1,1,1,1,1,1,2,1,1,1,2,1
color.of.the.wind1220@gmail.com,1,2,1,2,1,1,1,1,1,1,1,1,1,1,1,1,1,1
saknana@gmail.com,1,1,1,1,1,1,1,1,1,1,1,1,1,1,1,1,2,1
immch7@gmail.com,1,1,1,2,1,2,2,1,1,1,1,1,1,1,1,3,1,1
ochiochihinahina@gmail.com,2,2,3,2,1,2,2,2,1,1,1,1,2,2,2,2,2,2
rokumonsenn.620110@gmail.com,1,1,1,1,1,1,1,1,1,1,1,1,1,1,3,3,1,3
zrcblue@gmail.com,1,1,1,1,1,1,1,1,1,1,1,1,2,1,1,1,1,1
saedaaaaayo@gmail.com,1,1,1,1,1,1,1,1,1,1,1,1,2,2,1,1,1,1
miracle.chan.1025@gmail.com,3,3,3,3,1,3,3,3,1,3,1,1,3,3,1,1,2,1
candyumi05@gmail.com,1,3,3,3,2,3,3,2,1,1,1,1,1,1,3,3,2,2
m.kaito.0427@gmail.com,1,1,1,1,1,1,1,1,1,1,1,1,1,1,1,1,1,1
nagarie0620@gmail.com,3,3,3,3,3,2,1,1,3,3,3,2,3,3,3,3,2,1
noxcme@gmail.com,1,1,1,1,1,1,2,1,1,1,1,1,1,1,2,2,1,1
a20s16r05@gmail.com,2,1,1,1,1,1,1,1,1,1,1,1,1,1,1,1,1,1
taharayumiko530713@gmail.com,2,2,1,1,2,1,2,1,1,1,2,1,1,1,1,1,1,2
real.voice24@gmail.com,1,3,1,1,1,1,1,1,2,2,1,1,2,2,3,1,1,1
kanonkobayashi.o0@gmail.com,1,2,1,3,1,2,1,1,1,1,1,1,1,1,1,1,1,1
mogu12080904@gmail.com,1,1,1,1,1,1,1,1,1,1,1,1,1,1,1,1,3,1
ddyk553@gmail.com,2,1,1,1,1,1,1,1,1,1,1,1,1,1,1,1,1,1
kaitolove203@gmail.com,1,1,1,3,1,1,1,1,1,2,1,2,2,2,1,1,1,1
hana19950107@gmail.com,1,1,1,1,1,3,1,1,1,1,1,2,2,2,2,1,1,1
espoir.stant@gmail.com,3,3,2,3,1,3,1,1,1,1,1,1,1,2,1,1,2,2
kingmeme253@gmail.com,1,1,1,1,1,1,1,1,1,1,2,1,1,1,1,1,1,1
nnttkk00551122@gmail.com,1,1,1,1,1,1,1,1,2,1,1,1,2,3,1,1,3,1
kakalala7774@gmail.com,1,1,1,1,1,1,1,1,1,1,1,1,1,1,3,3,1,1
kinakomomo12@gmail.com,1,1,1,1,1,1,1,1,1,1,1,1,1,1,2,1,1,1
nagahorilim@gmail.com,1,1,1,1,1,1,1,1,1,1,1,1,1,1,1,1,1,1
kikirara8885@gmail.com,1,1,1,1,1,1,1,1,1,1,1,1,1,1,1,1,1,1
judymary1010@gmail.com,2,1,1,1,1,1,1,1,1,1,1,1,1,1,1,1,1,1
37zigen@gmail.com,1,1,1,1,1,1,1,1,1,2,1,1,1,1,2,1,1,1
tokimeki8885@gmail.com,1,1,1,1,1,1,1,1,1,1,1,2,1,1,1,1,1,1
happyneko5553@gmail.com,1,1,1,1,1,1,1,1,1,1,1,1,1,1,1,1,1,1
sub.ashuman@gmail.com,3,3,2,3,2,3,3,3,3,3,1,1,3,3,1,1,2,1
carameliser05@gmail.com,1,1,1,1,1,1,1,1,1,1,1,1,1,1,1,1,1,1
1362100@g.iuhw.ac.jp,1,1,1,1,1,1,1,1,1,1,1,1,1,1,1,1,1,1
mimilovely25251@gmail.com,1,1,1,1,1,1,1,1,1,1,1,1,1,1,1,1,1,1
yu1103arashi@gmail.com,2,1,2,2,1,1,1,1,1,1,1,1,1,1,1,1,1,1
kotoalive0429@gmail.com,1,1,1,1,1,1,2,1,1,1,1,1,1,1,1,1,1,1
liebenswert.stern.wunsch@gmail.com,1,1,1,1,1,1,2,1,2,1,1,1,1,1,1,1,1,1
fugashi0326@gmail.com,1,1,1,1,1,1,1,1,1,1,1,1,1,1,1,1,2,1
4k184r@gmail.com,3,3,3,3,3,3,3,1,3,1,1,1,1,1,3,2,1,1
hz427097@gmail.com,1,1,1,1,1,1,1,1,1,1,1,2,1,2,1,2,2,3
eogawa7959@gmail.com,1,1,1,1,1,1,1,1,1,1,1,1,1,1,3,3,3,1
yakiniku0607@gmail.com,1,1,1,1,1,1,1,1,1,1,1,1,1,1,1,1,1,1
wivrere7@gmail.com,1,1,1,1,1,1,1,1,3,1,1,1,1,1,1,1,1,1
hg.tkhs.io@gmail.com,1,1,1,1,1,1,1,1,2,2,1,1,1,1,2,1,1,1
takuji2281@gmail.com,1,1,1,1,1,1,1,1,1,1,1,1,1,1,1,1,1,1
traininochi@gmail.com,1,1,1,1,1,1,1,1,1,1,1,1,1,1,1,1,1,1
12snoopy27@gmail.com,1,1,1,1,1,1,1,1,1,1,1,1,1,1,1,1,1,1
tatamidani.m@gmail.com,1,1,1,1,1,1,1,1,1,1,2,1,2,2,2,1,2,2
mirakul233@gmail.com,1,1,1,1,1,1,1,1,1,1,1,1,1,1,1,1,1,1
akanesuke0123@gmail.com,1,1,1,1,1,1,1,1,1,1,1,1,1,1,1,1,1,1
nodokawajiri2002@gmail.com,2,1,1,1,1,2,1,1,1,2,1,1,2,2,1,1,1,1
aptx0410@gmail.com,1,2,3,3,1,3,2,1,1,1,1,1,2,1,2,1,1,1
lost096327@gmail.com,1,1,1,1,1,1,1,2,1,1,1,1,1,1,1,2,1,1
ishiirei0626@gmail.com,2,3,1,1,1,1,1,1,1,1,1,1,1,1,1,1,2,1
s.b.h.t501170@gmail.com,1,1,1,1,1,1,1,1,1,2,2,1,3,2,3,1,2,2
torimai.0928@gmail.com,2,1,1,1,1,2,2,1,1,1,1,1,2,1,3,2,2,1
pooh.makaron06@gmail.com,2,2,2,2,2,2,2,2,2,2,2,2,2,2,2,2,1,2
gagagaga.20123810@gmail.com,2,1,2,1,1,1,1,1,3,2,1,1,1,1,2,1,1,1
25124073@st.swu.ac.jp,3,1,1,1,1,1,1,1,1,3,3,1,1,3,1,1,1,1
xaaex29217@yahoo.co.jp,1,1,1,1,1,1,1,1,1,1,1,1,1,1,1,1,1,1
or7c7qe6ym_8uttsugsm0@yahoo.co.jp,2,2,2,2,1,1,1,1,1,2,1,1,2,2,1,1,1,1
s1703042@kawasaki-edu.ed.jp,1,1,1,1,1,1,1,1,1,1,1,1,1,1,2,1,1,1
s25y17@gmail.com,1,1,1,1,1,1,1,1,1,1,1,1,1,1,1,1,2,2
futabaoka10@gmail.com,1,1,1,1,1,1,1,1,2,2,1,1,1,1,1,1,1,2
jedikamigami0422@gmail.com,2,2,3,2,3,2,2,2,2,2,2,1,1,2,2,2,2,2
yingmusuruwei@gmail.com,1,1,1,1,1,1,1,1,1,1,1,1,2,2,1,1,2,1
marusae901@docomo.ne.jp,1,1,1,1,1,1,1,1,1,1,1,1,1,2,1,1,1,1
watarigarasu.as@gmail.com,1,1,1,1,1,1,1,1,1,1,1,1,1,1,1,1,1,1
mogutun0715@gmail.com,1,1,1,1,1,1,1,1,1,1,1,1,1,1,1,1,1,1
annieleo511@gmail.com,1,1,1,1,1,1,1,1,1,2,1,1,1,2,1,1,1,3
uya3510@gmail.com,1,1,1,1,1,1,1,1,1,1,1,1,1,1,1,1,1,1
htks13ptkt@gmail.com,1,3,2,2,1,2,1,1,3,3,1,1,3,3,2,1,2,1
simyudoyo.net@gmail.com,1,1,1,1,1,1,1,1,1,1,1,1,1,1,1,1,1,1
erafact1234@gmail.com,1,1,1,1,1,1,1,1,2,1,1,1,1,1,1,1,1,3
dct_3757go_go@yahoo.co.jp,1,1,1,1,1,1,1,1,1,1,1,1,1,1,1,1,2,1
skyblue07.mnkm@gmail.com,1,1,1,1,1,1,1,1,1,3,1,1,1,1,1,1,1,1
474j6itrf9@gmail.com,1,1,1,1,1,1,1,1,1,1,1,1,1,1,1,1,1,1
lostidea.ts@gmail.com,1,1,1,1,1,1,1,1,1,1,1,1,1,1,1,2,2,1
kaoru.nishiyama27@gmail.com,2,2,2,2,1,1,1,1,1,2,1,1,2,2,2,2,1,1
miu5426@gmail.com,1,1,1,1,1,1,1,1,2,1,1,1,1,1,1,1,1,1
taka19800227@gmail.com,1,1,2,2,3,3,2,1,1,1,1,1,1,1,1,1,1,1
makj0903@gmail.com,1,1,1,1,1,1,1,1,1,1,1,1,1,1,1,1,1,1
mutomasaya@gmail.com,1,1,1,1,1,1,1,1,1,1,1,1,1,1,1,1,1,1
udontoichigo@gmail.com,1,1,1,1,1,1,1,1,1,1,1,1,1,1,1,1,1,1
ririnosuke1321@gmail.com,1,1,1,1,1,1,1,1,1,3,1,1,1,2,1,1,1,1
akis1120@gmail.com,2,1,1,1,1,1,1,1,1,1,1,1,2,1,1,1,1,2
pbfrj686@gmail.com,3,3,3,2,1,1,1,1,1,2,1,1,1,2,3,3,3,1
skyblue.balance@gmail.com,1,1,1,2,1,2,1,1,1,1,1,1,1,1,1,2,1,3
mikannhimesama@yahoo.co.jp,2,3,3,1,1,1,1,1,1,1,1,1,3,2,3,3,1,3
aquaneesha.japonicana.jin@gmail.com,2,2,3,2,2,2,1,1,1,1,1,1,2,1,2,1,2,3
s1011072@gmail.com,1,1,1,1,1,1,1,1,1,1,1,1,1,1,1,1,1,1
tsky9901@gmail.com,1,1,1,1,1,1,1,1,1,1,1,1,1,1,1,1,1,1
auaju827@gmail.com,1,1,1,1,1,1,1,1,1,1,1,1,1,1,1,1,1,1
akira.w0617@gmail.com,2,2,1,2,2,1,2,2,1,2,1,1,1,1,1,1,1,2
11111m4@gmail.com,1,1,1,1,1,1,1,1,1,1,1,1,1,1,1,1,1,1
buchikorony@gmail.com,1,1,1,3,1,1,1,1,1,1,1,1,1,1,1,1,1,1
kastera.h1011@gmail.com,1,1,1,1,1,1,1,1,1,1,1,1,1,1,1,1,3,1
miyuki.0321.masha@gmail.com,1,1,1,1,1,1,1,1,1,1,1,1,1,1,1,1,1,1
amyus2.imp@gmail.com,1,1,1,1,1,1,1,1,1,1,1,1,1,1,2,1,1,1
miyasita456@gmail.com,1,1,1,1,1,1,1,1,1,1,1,1,1,1,1,1,1,1
pulco.shinore@gmail.com,3,3,1,1,1,1,1,1,1,1,1,1,3,2,1,1,1,1
ancococo36@gmail.com,1,1,1,1,1,1,1,1,1,1,1,1,1,1,1,1,1,1
syasya3ta2@gmail.com,1,1,1,1,1,1,1,1,1,1,1,1,1,1,1,1,1,1
riku.takahashi1209@gmail.com,1,1,1,1,1,1,1,1,1,1,1,1,1,1,2,1,2,1
taya.7642@gmail.com,1,1,1,1,1,1,1,1,1,1,1,1,1,1,1,1,3,3
zixihengshi@gmail.com,1,1,1,2,1,1,1,1,1,1,1,1,1,1,1,1,2,1
ria1220v@gmail.com,3,2,2,3,2,3,2,2,2,1,1,1,2,3,3,2,3,2
harutoman2022@gmail.com,3,3,3,1,1,1,1,2,1,2,2,2,3,2,2,3,1,2
kana823317@gmail.com,1,1,1,1,1,1,1,1,1,1,1,1,1,1,1,1,1,1
hs4dhktpi@gmail.com,2,1,1,1,1,1,1,1,1,1,1,1,1,1,1,1,1,1
trystar0708@yahoo.co.jp,1,1,1,1,1,1,1,1,1,1,1,1,1,1,1,1,1,1
shoheinary.714@gmail.com,2,1,1,2,1,2,1,2,1,1,1,1,2,1,2,1,2,1
naru.7131999@gmail.com,2,3,3,3,3,2,3,3,2,3,2,3,2,3,2,2,3,1
hikap5841@gmail.com,1,1,1,1,1,1,1,1,1,1,1,1,2,1,1,1,1,1
takajob0315@gmail.com,2,2,2,2,1,1,2,2,2,2,1,2,2,1,2,2,2,2
kimie10051005@gmail.com,1,1,1,1,1,1,1,1,1,1,1,1,1,1,1,1,1,1
dtblac@gmail.com,2,1,2,1,1,1,1,1,1,1,1,1,1,2,2,1,2,1
hmya611211@gmail.com,1,1,1,1,1,1,1,1,1,1,1,1,1,1,1,1,1,1
taishi686@gmail.com,2,1,1,1,1,1,1,1,1,1,1,1,1,1,1,1,1,1
peony.jakuseki@gmail.com,1,1,1,1,1,1,1,1,1,1,1,1,1,1,1,1,1,1
kana.03171996@gmail.com,1,1,1,1,1,1,1,1,1,1,1,1,3,1,1,1,1,1
taka0315.sakunaindia@gmail.com,1,1,1,1,1,1,1,1,1,1,1,1,1,1,1,1,1,1
krkn.5a.29a@gmail.com,1,2,2,1,1,1,1,1,1,2,1,1,2,2,2,1,1,1
4pipii@gmail.com,1,1,1,1,1,1,1,1,1,1,1,1,1,1,1,1,1,1
yuma19980106@gmail.com,2,2,2,2,1,2,1,1,1,1,1,1,1,1,1,1,1,1
ntdesigner@gmail.com,1,1,2,1,1,1,1,1,2,1,1,1,2,2,1,1,1,1
yichuishangcun2@gmail.com,1,1,1,1,1,1,1,1,3,3,2,1,1,1,1,1,1,1
poin10.tto@gmail.com,1,1,1,1,1,1,1,1,1,1,1,1,1,1,1,1,1,1
mine.0514.0227@gmail.com,1,1,1,1,1,1,1,1,1,1,1,1,1,1,1,1,1,1
hichannomama@gmail.com,1,1,1,1,1,1,1,1,1,1,1,1,1,1,1,1,1,1
jyjlalaby1215@gmail.com,1,1,1,1,1,1,1,1,1,1,1,1,1,1,1,1,1,1
take036521@gmail.com,2,3,2,1,1,1,1,1,1,2,1,1,2,1,2,2,1,2
btshihoko@gmail.com,1,1,2,1,1,1,1,1,1,1,1,1,1,1,1,1,1,1
blackkukki1356q@gmail.com,2,2,2,2,1,1,1,1,1,1,1,1,1,1,1,1,1,1
feitianshengyi587@gmail.com,2,2,1,1,1,1,1,1,1,1,1,1,1,1,2,1,1,3
xiaykcim@yahoo.co.jp,1,1,1,1,1,1,1,1,1,1,1,1,1,1,1,2,2,1
super0hanzu@gmail.com,1,1,1,1,1,2,1,1,1,2,1,1,1,1,2,1,1,1
ei5674ei@gmail.com,3,2,2,1,1,1,1,1,1,1,1,1,2,2,1,1,1,1
trewqsdfpo555@gmail.com,1,1,1,1,1,1,1,1,1,1,1,1,1,1,1,1,3,2
shengyifeitian@gmail.com,1,1,1,1,1,1,1,1,1,1,1,1,1,1,1,1,3,3
feitianshengyi05@gmail.com,1,1,1,1,1,1,1,1,1,1,1,1,1,1,1,1,3,3
nmasa7417@gmail.com,1,1,1,1,1,1,1,1,1,1,1,1,1,1,2,1,3,3
rina19780714@gmail.com,1,1,1,1,1,1,1,1,1,1,1,1,1,1,2,2,1,1
voidofnull@gmail.com,1,1,1,1,1,1,1,1,1,1,1,1,1,1,2,2,1,2
makiko.f1980@gmail.com,1,1,1,1,1,1,1,1,1,1,1,1,1,1,2,2,1,1
izumi.matsuda0204@gmail.com,1,1,1,1,1,1,1,1,1,1,1,1,1,1,1,1,1,1
soutaro1022@gmail.com,1,1,1,1,1,1,1,1,3,1,1,1,1,3,1,1,1,1
cvcvboo01@gmail.com,1,1,1,1,1,1,1,1,1,1,1,1,1,1,1,1,1,1
tianxinliang384@gmail.com,1,1,2,1,1,1,1,1,1,1,1,1,1,1,1,1,1,1
cdu10880@gmail.com,1,1,1,1,1,1,1,1,1,1,1,1,1,1,1,1,1,1
saka1970na@gmail.com,1,1,1,1,1,1,1,1,1,2,1,1,1,1,1,1,1,1
yasashiimikan@gmail.com,1,2,2,1,2,3,3,3,2,3,3,1,1,3,3,1,1,2
newbeetle010137@gmail.com,1,1,1,1,1,1,1,1,2,2,1,1,2,2,1,1,2,1
sugarless.girl.345@gmail.com,1,1,1,1,1,1,1,1,1,1,1,1,1,1,1,1,1,1
cdy51630@gmail.com,1,1,1,1,1,1,1,1,1,1,1,1,1,1,2,1,1,1
machiyan4@gmail.com,1,1,1,1,1,1,1,1,1,1,1,1,1,1,1,1,3,3
nonnoncake@gmail.com,3,1,1,1,1,1,1,1,1,1,1,1,1,1,1,1,2,1
practica.capsicum@gmail.com,1,1,1,1,1,1,1,1,1,1,1,1,1,1,1,1,1,1
ushiyama0404@gmail.com,1,1,2,3,2,1,1,1,2,2,2,3,2,1,2,1,1,1
akaringoooo.apple@gmail.com,2,1,1,1,1,1,1,1,1,1,1,1,2,1,1,1,1,1
r.k.r.mk0612@gmail.com,1,1,1,1,1,1,1,1,1,1,1,1,2,2,1,1,1,1
meguchin.7727@gmail.com,1,1,1,1,1,1,1,1,1,1,1,1,1,1,1,1,1,1
xiyeq0425@gmail.com,1,1,2,1,1,1,1,1,2,2,2,2,3,2,2,1,2,1
taka.yoshi2011@gmail.com,2,1,1,1,1,1,1,1,2,1,2,2,2,2,2,2,2,2
osaki777@gmail.com,1,1,1,1,1,1,1,1,1,2,1,1,2,1,1,1,1,1
asahina20171217@gmail.com,1,1,1,1,1,1,1,1,1,1,1,1,1,1,1,1,1,1
marima1039@gmail.com,1,1,1,1,1,1,1,1,1,1,1,1,1,1,1,1,1,1
jzx58xxx@gmail.com,1,1,1,1,1,1,1,1,1,1,1,1,1,2,1,1,1,1
uyuranian@gmail.com,3,1,2,3,3,1,1,3,3,3,2,3,1,1,2,3,3,3
morinokumasan0716@gmail.com,1,1,1,1,1,1,1,1,1,1,1,1,1,1,2,1,2,1
bluesoul2014@gmail.com,1,1,1,1,1,1,1,1,1,1,1,1,1,1,1,1,1,1
mi.ni.mi.ni.705@gmail.com,1,1,1,1,1,1,1,1,1,1,1,1,1,1,1,1,1,1
cm528926@gmail.com,1,1,1,1,1,1,1,1,1,1,1,1,1,1,1,1,1,1
aoba.s.0116@gmail.com,1,1,1,1,1,1,1,1,1,1,2,2,1,1,1,1,1,1
coolmint906@gmail.com,3,1,1,1,2,3,1,1,1,1,1,1,1,2,2,1,2,1
ym.0317.0408@gmail.com,1,1,1,1,1,1,1,2,2,1,2,2,2,2,2,1,1,1
mai.takahashi600807@gmail.com,1,1,1,1,1,1,1,1,1,1,1,1,1,1,1,1,1,1
googl30oekakiko@gmail.com,1,1,1,1,1,1,1,1,1,1,1,1,2,2,1,1,1,1
chelseagirlblog@gmail.com,1,1,1,1,1,1,1,1,1,1,1,1,1,1,1,1,1,1
riho.iwatsuki@gmail.com,1,1,1,1,1,1,1,1,1,1,1,1,2,2,2,1,1,1
yureru.f@gmail.com,2,2,1,1,1,1,1,1,2,1,1,1,1,1,1,1,1,1
waku02.doki02@gmail.com,1,1,1,1,1,1,1,1,1,1,1,1,1,1,1,1,1,1
mikumarikko@gmail.com,1,1,1,1,1,1,1,1,2,1,1,1,2,1,1,1,2,1
macha.0107.yuri0221@gmail.com,1,1,1,1,1,1,1,1,2,1,1,1,1,1,1,1,1,1
lovewan2003@gmail.com,2,1,1,1,1,1,1,1,1,1,1,1,1,1,1,1,1,1
dolfin.kiyo@gmail.com,1,1,1,1,1,1,1,1,1,1,1,1,2,2,1,1,1,1
narasinorz@gmail.com,1,1,1,1,1,1,1,1,1,1,1,1,2,1,2,2,1,2
ayumin522522@gmail.com,1,1,1,1,1,1,1,1,1,1,1,1,2,3,1,1,2,1
hikalily130617@gmail.com,3,3,3,1,1,2,1,3,1,1,1,1,2,2,3,3,2,1
h19790601@gmail.com,1,2,2,2,1,1,2,1,1,1,1,1,1,1,1,1,2,1
mizukiwrlv@gmail.com,1,2,1,2,1,1,1,2,1,1,1,1,1,1,1,1,1,1
yukt582@gmail.com,2,2,1,1,1,1,1,1,1,1,1,1,3,3,3,3,1,3
nanaminori0804@gmail.com,1,1,1,1,1,1,1,1,1,1,1,1,1,1,1,1,1,1
yoshinori.muramatsu@gmail.com,1,1,1,1,1,1,1,1,1,1,1,1,1,1,1,1,1,1
ami.mary0304@gmail.com,1,1,1,1,1,1,1,1,2,2,1,1,2,1,1,1,1,1
14nokda28na@gmail.com,3,1,1,1,1,1,2,3,1,1,1,3,2,2,2,2,3,1
aahinoke@gmail.com,1,2,1,1,1,1,2,1,3,3,1,1,1,3,3,3,1,3
shirota.mari@gmail.com,3,3,3,3,1,3,1,3,1,1,1,1,1,2,3,3,2,2
rinnnaa123@gmail.com,1,1,1,1,1,1,1,1,1,1,1,1,1,1,1,1,1,1
fhhtd9j9ds@privaterelay.appleid.com,1,1,1,1,1,1,1,1,1,1,1,1,1,1,2,1,1,1
nanatoast1213@gmail.com,3,2,2,1,2,3,3,2,1,1,1,2,2,1,2,1,2,3
nosuribusu48@gmail.com,1,3,1,1,1,1,1,1,1,3,1,1,3,3,1,1,1,3
ka.nishinaka@gmail.com,3,1,1,1,1,3,1,3,1,1,1,1,1,1,1,1,2,1
clover24.428.04@gmail.com,3,3,1,1,1,1,1,1,1,1,1,1,1,1,1,1,1,2
seiichi872@gmail.com,1,1,1,1,1,1,1,1,1,1,1,1,1,1,1,1,1,1
taimatsu.jimyoto@gmail.com,1,1,1,1,1,1,1,1,1,1,1,1,3,2,3,3,1,1
8n5smt@gmail.com,1,1,1,1,1,1,1,1,2,1,1,1,2,2,3,3,1,2
aquacollors@gmail.com,1,1,1,1,1,1,1,1,1,1,1,1,1,1,1,1,2,1
tima.taka.919716@gmail.com,2,3,2,2,1,1,1,2,1,1,1,1,1,1,2,1,2,1
lost096327@gmail.com,1,1,1,1,1,2,1,1,1,1,1,1,1,1,2,1,1,1
yasaiankakegohan321@gmail.com,1,1,1,1,1,1,1,1,1,1,1,1,1,1,1,1,1,1
blue.panda.9321@gmail.com,2,2,3,3,2,2,3,1,1,2,1,1,3,1,1,3,3,3
takuro03hamaguchi@gmail.com,1,1,1,1,1,1,1,1,1,2,1,1,3,3,1,1,1,1
avec.le.temps256@gmail.com,1,2,1,2,1,1,1,1,1,1,1,1,1,1,1,1,2,1
jiangyedaoxie@gmail.com,1,1,1,1,1,1,1,1,1,1,1,1,1,1,1,1,2,1
1986yuno@gmail.com,1,1,1,1,1,1,1,1,1,1,1,1,1,1,1,1,1,1
haru.8855@gmail.com,1,1,1,1,1,1,1,1,1,1,1,1,1,1,1,1,1,1
xiaoshanremon@gmail.com,1,2,1,1,1,1,1,1,1,1,1,1,1,1,1,1,1,1
cainaidaze78@gmail.com,1,1,1,2,1,1,1,1,1,2,1,1,1,2,1,1,2,1
yoikodes01@gmail.com,1,2,2,1,1,2,1,1,1,1,2,3,3,1,1,1,2,1
upon_dream_once_0820@yahoo.co.jp,1,1,1,1,1,1,1,1,1,1,1,1,2,2,1,1,1,1
hide1531@gmail.com,2,1,1,1,1,1,1,1,1,1,1,1,1,1,1,1,1,1
makahoshi7@gmail.com,2,1,2,1,2,1,1,1,2,1,2,1,2,1,1,2,1,1
spring.is.dancing@gmail.com,1,2,1,1,1,1,1,2,3,2,1,1,2,1,1,1,1,1
mpmp3yxxxx@gmail.com,1,2,1,1,1,1,1,1,1,1,1,1,1,1,1,1,1,1
daioto5001@gmail.com,3,1,1,1,1,1,2,1,2,3,3,3,1,1,2,3,1,2
helium171@gmail.com,2,2,1,1,1,1,1,1,1,1,1,1,1,1,1,1,1,1
supakomati517@gmail.com,2,1,1,1,1,1,1,1,1,1,1,1,1,2,2,1,1,1
aahinoke@gmail.com,1,2,1,2,1,1,3,1,3,3,1,1,2,2,3,3,3,3
patikaru67@gmail.com,2,1,1,1,1,1,1,1,3,1,1,1,1,1,1,1,1,1
mayuka.tomita.photo1@gmail.com,3,2,1,3,1,1,1,1,1,2,1,1,2,2,1,1,1,1
momoka.mimika1122@gmail.com,1,1,1,1,1,1,1,1,1,1,1,1,3,1,1,1,1,2
2511510485k@kindai.ac.jp,1,1,1,1,1,1,1,1,1,2,1,1,2,1,1,1,1,1
toshikiyano37@gmail.com,1,1,1,1,1,1,1,1,3,1,1,1,1,1,2,1,2,1
suzuka.hana.s2016.0524@gmail.com,2,1,1,1,1,1,1,1,2,1,1,1,1,1,2,1,1,1
poipoiact55@gmail.com,1,1,1,1,1,1,1,1,1,1,1,1,1,1,1,1,1,1
mj.dismantling11uv7@gmail.com,2,1,1,2,1,1,1,1,2,2,2,1,3,2,2,3,1,3
underceremony@gmail.com,2,1,1,2,1,1,1,1,1,2,1,1,1,1,1,1,1,1
kiki.kai.s22@gmail.com,1,1,1,1,1,1,1,1,1,1,1,1,1,1,1,1,1,1
spsukinnies@gmail.com,1,1,1,1,1,1,1,1,1,2,1,1,2,2,2,2,2,2
sy@shinji-yamamoto.com,2,2,2,2,2,2,2,2,1,2,2,2,2,2,2,2,2,1
maji.marino.1001@gmail.com,1,1,1,1,1,1,1,1,1,1,1,1,1,1,1,1,1,1
nyankorz@gmail.com,2,1,1,1,1,2,1,1,2,1,1,1,1,2,1,1,2,1
wtnbrtkbb@gmail.com,1,1,1,1,1,1,1,1,1,1,1,1,1,1,1,1,1,1
akiraandhatsunelovelove@gmail.com,1,1,1,1,1,1,1,1,1,2,1,1,3,2,1,1,3,1
starjmuraki@gmail.com,3,1,3,3,1,3,1,2,3,1,1,1,1,2,2,1,1,1
maroharun@gmail.com,1,2,1,1,1,1,1,1,1,1,1,1,3,1,2,1,2,1
1007.mvii@gmail.com,1,1,1,1,1,1,1,1,1,1,2,1,1,1,1,1,1,1
slabo22.jp@gmail.com,1,1,1,1,1,1,1,1,1,1,1,1,1,1,1,1,1,1
sa.ishibashi@klothopartners.com,1,1,1,1,1,1,1,1,1,1,1,1,1,1,2,2,1,1
biglove392@gmail.com,1,1,1,1,1,1,1,1,1,1,1,1,1,1,1,1,1,1
cherrypieweb@gmail.com,1,1,1,1,1,1,1,1,1,1,1,1,1,1,1,1,1,1
leomaru099@gmail.com,2,2,1,2,1,1,1,1,2,1,1,1,1,1,1,1,1,1
htrkosnx3@gmail.com,1,1,1,1,1,1,1,1,2,1,2,1,1,2,1,1,1,2
q205043@gmail.com,1,1,2,1,1,1,1,1,1,3,1,1,2,2,3,3,2,1
cocho.0619@gmail.com,2,1,1,2,1,1,1,1,1,1,1,1,1,1,1,1,1,1
kaainko0223@gmail.com,1,1,1,1,1,1,1,1,2,2,1,1,1,1,3,2,1,1
s06090722@gmail.com,1,1,1,1,1,1,1,1,1,1,1,1,1,1,1,1,1,1
sora.masami2549@gmail.com,2,1,1,1,1,1,1,1,1,1,1,1,2,2,2,2,2,1
masayuki.tanaka.0412@gmail.com,1,1,1,2,1,1,1,1,1,2,1,1,2,1,1,1,1,1
enbase.go0702@gmail.com,1,1,1,3,1,3,1,2,2,3,1,1,3,2,1,1,2,1
yawarakatoufu@gmail.com,1,2,1,2,1,2,1,1,1,2,1,1,1,1,3,3,2,1
kichivs.mp@gmail.com,1,1,1,1,1,1,1,1,1,1,1,1,1,1,3,3,1,1
siruku.kawa728@gmail.com,1,3,1,3,1,3,1,3,1,3,1,1,1,1,1,1,1,1
tajihika0707@gmail.com,2,1,1,3,1,1,1,1,3,2,3,1,3,3,2,1,3,1
hikaru20071225@gmail.com,1,1,1,2,1,1,1,1,1,2,2,1,3,2,3,2,2,2
yu22.rn207@gmail.com,1,1,1,1,1,1,1,1,1,1,1,1,1,1,1,1,1,1
xxxstaringxstriker3moon@gmail.com,3,3,1,3,1,2,1,1,1,1,1,1,1,1,2,2,2,1
geekshadow12@gmail.com,1,3,1,2,2,1,2,1,1,2,1,1,1,2,1,1,2,1
pichan.com.0978@gmail.com,1,1,1,1,1,1,1,1,1,1,1,1,1,1,1,3,3,3
miu.momoco@gmail.com,1,1,1,1,1,1,1,1,1,1,1,1,1,2,2,3,1,3
pokken.mk7@gmail.com,1,3,1,2,1,1,1,1,1,1,1,1,1,1,1,1,1,1
tentijinsake@gmail.com,1,1,1,1,1,1,1,1,1,1,1,1,2,1,1,1,1,1
shiroi7625@gmail.com,1,1,1,1,2,1,1,1,1,1,1,1,1,1,2,1,2,1
miyane96@gmail.com,1,1,1,1,1,1,1,1,1,1,1,1,1,1,1,1,1,1
sutakari.west@gmail.com,1,1,1,1,1,1,1,1,1,1,1,1,2,1,1,1,1,1
0504.kimmy@gmail.com,1,1,1,1,1,1,1,1,1,1,1,1,1,1,1,1,1,1
0311.sileo@gmail.com,1,1,1,2,1,2,1,2,1,1,1,1,1,1,1,1,1,1
cqkn00@gmail.com,3,3,3,2,1,3,2,2,3,3,1,1,3,3,2,1,2,1
uaa72410@gmail.com,1,1,2,1,1,1,1,1,3,1,2,1,2,1,3,3,1,2
19hc065@st.nuas.ac.jp,1,1,1,1,1,1,1,1,1,1,1,1,1,1,1,1,1,1
mahirun2525@gmail.com,1,1,1,1,1,1,1,1,1,2,1,1,1,1,1,2,1,1
aiyaan501@gmail.com,2,1,1,2,1,1,1,1,1,1,1,1,1,1,2,1,1,1
irie.momo.toshimitsu@gmail.com,2,2,1,2,1,2,1,1,1,2,1,1,3,2,1,1,1,1
sskt.sas09@gmail.com,1,1,1,1,1,1,1,1,1,1,1,1,1,1,1,1,1,1
kaootabb@gmail.com,2,1,1,1,1,1,1,1,1,2,1,1,2,1,1,1,3,1
mofu62154@gmail.com,1,1,1,1,1,1,1,1,1,1,1,1,1,1,1,1,1,3
tsunoyaya3268@gmail.com,1,1,1,1,1,1,1,1,1,2,1,1,2,2,1,2,2,1
2319063@mwu.jp,1,1,1,1,1,1,1,1,1,1,1,1,1,1,1,2,3,3
victoryroad31@gmail.com,1,1,1,1,1,1,1,1,1,1,1,1,1,1,1,1,1,2
vivant5drum5d5@gmail.com,1,1,1,1,1,1,1,1,1,1,1,1,1,1,1,1,1,1
tedeiy1213@gmail.com,2,2,3,2,3,3,2,2,3,3,2,2,3,3,3,3,3,1
pluto.orange.himawari@gmail.com,1,1,1,1,1,1,1,1,1,1,1,1,2,1,1,1,1,1
miki0704tm@gmail.com,2,2,2,3,1,3,2,3,1,1,1,1,1,1,2,1,2,1
mh0717children@gmail.com,1,1,1,1,1,1,1,1,1,1,1,1,1,1,1,1,1,1
ghunterysys@gmail.com,1,1,1,1,1,1,1,1,1,1,1,1,1,1,1,2,2,1
kzm115.989@gmail.com,1,1,1,1,1,1,1,1,1,1,1,1,1,1,1,1,1,1
ayataka4747@gmail.com,1,1,1,1,1,1,1,1,1,1,1,1,1,1,1,1,2,2
ichiharayuto2578@gmail.com,1,1,1,1,1,1,1,1,1,1,1,1,2,1,2,2,1,1
sukainaox102@gmail.com,1,1,1,1,1,1,1,1,1,1,1,1,2,1,1,1,2,1
esuperansa2002@icloud.com,2,1,1,1,1,3,1,3,3,3,3,1,3,3,2,3,2,3
skyspace0@gmail.com,1,1,1,1,1,1,1,1,1,1,1,1,1,1,1,1,1,1
nksm1423@gmail.com,1,1,1,1,1,1,1,1,1,1,1,1,1,1,1,1,1,1
yuko200607koda@gmail.com,1,1,1,1,1,1,1,1,1,1,1,1,1,1,1,1,1,1
popeto.kusowaro@gmail.com,1,1,1,1,1,1,1,1,1,1,2,1,1,1,1,1,1,1
kirei.5suwai.212.dee41@gmail.com,3,1,1,1,1,1,1,2,1,1,1,2,1,1,1,1,1,1
ukkarin12@gmail.com,1,1,1,1,1,1,1,1,3,2,1,1,3,2,2,2,2,2
hareame.0121@gmail.com,1,1,1,1,1,1,1,1,1,1,1,1,1,1,2,2,1,1
highest.0327@gmail.com,1,1,2,1,1,1,1,1,1,1,1,1,1,1,2,2,1,1
tiryu0303@gmail.com,2,2,2,1,1,1,1,1,2,1,1,1,2,3,3,3,1,2
shima.adachi@gmail.com,1,1,1,1,1,1,1,1,1,1,1,1,1,1,1,1,1,1
cdx49750.ninjin@gmail.com,1,1,1,1,1,1,1,1,1,1,1,1,1,1,1,1,1,1
kcufs.ijnuhs@gmail.com,1,1,1,1,1,1,1,1,1,1,1,1,1,1,2,3,1,1
masashi.yamashita0226@gmail.com,2,1,1,1,1,1,1,1,2,1,1,1,1,2,1,1,2,1
new41kama82@gmail.com,1,1,1,1,1,1,1,1,1,1,2,2,2,2,2,1,1,1
tanaka51.jp@gmail.com,1,1,1,1,1,1,1,1,1,1,2,1,1,1,2,3,1,3
knifhalt@gmail.com,3,1,1,1,1,1,1,3,3,1,1,1,1,2,3,3,2,1
lt075075@gmail.com,2,1,1,1,1,1,1,1,1,1,1,1,1,1,1,1,1,1
tkhssyug0112@gmail.com,1,1,1,1,1,1,1,1,1,1,1,1,1,1,1,1,2,1
ke222rm@gmail.com,2,1,1,1,1,1,1,2,2,3,2,1,2,2,2,2,2,2
achan6230@gmail.com,3,2,2,2,3,3,3,2,2,2,3,3,3,3,1,2,1,1
natsu.kaede.0816@gmail.com,1,1,1,1,1,1,1,1,1,1,1,1,1,1,2,2,1,1
shiyuanmi696@gmail.com,1,1,1,1,1,1,1,1,2,1,1,1,1,1,1,1,1,1
yui1112.1215@gmail.com,1,1,1,3,1,1,1,1,1,1,1,1,2,2,2,1,1,1
ma20160802@gmail.com,1,1,1,1,1,1,1,1,1,1,2,1,1,1,1,2,1,1
cha38ma@gmail.com,1,1,1,1,1,1,1,1,1,1,1,1,1,1,1,1,1,1
toshiki.k.000@gmail.com,1,1,1,1,1,1,1,1,1,1,1,1,1,1,1,1,1,1
tomo2529@gmail.com,1,1,1,1,1,1,1,1,1,1,1,1,1,1,1,1,2,2
o.sayaka10283@gmail.com,1,2,1,3,1,3,2,1,1,3,2,1,2,2,2,2,1,2
fujipurpletype5@gmail.com,1,1,1,1,1,1,1,2,3,1,1,1,3,3,1,1,2,1
longgaoqiao89@gmail.com,3,1,1,1,1,1,1,1,1,1,1,1,1,1,2,1,2,1
gg1133517@gmail.com,2,2,2,2,2,2,2,2,2,2,2,2,2,2,3,3,3,3
ayumiika@icloud.com,1,1,1,1,1,1,1,1,1,1,1,1,1,1,1,1,1,1
86borderline.case13@gmail.com,1,1,1,1,1,1,1,1,1,1,1,1,2,1,1,1,1,1
musictableaux@gmail.com,1,1,2,1,1,1,1,1,1,1,1,1,2,2,2,1,1,1
byukari.yt@gmail.com,2,2,1,1,1,1,1,1,1,1,1,1,1,2,1,1,1,2
mulan.masako0623@gmail.com,1,1,1,1,1,1,1,1,1,1,1,1,1,2,1,2,2,2
0330yutthi@gmail.com,1,1,1,1,1,2,1,1,1,2,1,1,1,2,1,1,1,1
pokemonngo22@gmail.com,1,1,1,1,1,1,1,1,3,3,1,1,3,3,1,1,1,1
rikopinisland@gmail.com,1,1,3,1,1,1,1,1,1,1,1,1,1,1,1,1,1,1
yukinkochan25@gmail.com,1,1,1,2,1,1,1,1,1,1,1,1,1,2,2,1,1,1
smart1phoneperia@gmail.com,1,1,1,1,1,1,1,1,1,1,1,1,1,1,2,2,1,1
kyosin2610@gmail.com,1,1,1,1,1,1,1,1,1,1,1,1,2,1,1,1,1,1
a240221c.yokohama.cu.ac.jp@gmail.com,3,2,1,3,1,2,1,2,1,3,1,1,1,2,3,3,2,1
milktos26@gmail.com,2,3,2,2,2,2,2,2,2,2,2,2,2,2,2,2,2,2
f0204t@gmail.com,1,1,1,1,1,1,1,1,2,2,1,1,2,1,1,1,1,1
dmasks2235@gmail.com,1,1,1,1,1,1,1,1,1,1,1,1,1,1,1,1,1,1